{
  "sr": 22050,
  "features": {
    "type": "mel",
    "n_mels": 198,
    "n_fft": 2048,
    "hop_length": 512,
    "t_max": 427
  },
  "preprocessing": {
    "mu": [
      -0.028293011710047722,
      0.04597816243767738,
      -0.03427518531680107,
      -0.03822102025151253,
      -0.02338557504117489,
      -0.0702240988612175,
      -0.0675974190235138,
      -0.07120348513126373,
      -0.03388071805238724,
      -0.0031760677229613066,
      -0.0625922828912735,
      0.028984570875763893,
      -0.02545764669775963,
      -0.03424699977040291,
      -0.05209188908338547,
      0.008930814452469349,
      -0.07803202420473099,
      0.0036690321285277605,
      -0.024036996066570282,
      -0.037943996489048004,
      -0.058818887919187546,
      -0.020453287288546562,
      -0.04827467352151871,
      -0.01265430822968483,
      -0.06902260333299637,
      0.08993004262447357,
      0.0954618826508522,
      0.025245537981390953,
      0.002033510711044073,
      0.09016154706478119,
      -0.03187573328614235,
      0.04773064702749252,
      -0.019209908321499825,
      0.07740411907434464,
      0.07586583495140076,
      0.04802590608596802,
      0.07912012189626694,
      0.056332945823669434,
      0.07890694588422775,
      0.013525772839784622,
      0.1859656721353531,
      -0.008263812400400639,
      0.06320279836654663,
      -0.001170121948234737,
      0.06689830124378204,
      0.022799072787165642,
      0.07191091030836105,
      0.033201914280653,
      -0.05748455971479416,
      0.056917764246463776,
      -0.004055158235132694,
      0.06820959597826004,
      -0.04565662145614624,
      0.05284499749541283,
      0.026060791686177254,
      0.03771110624074936,
      -0.03652718663215637,
      0.03550006449222565,
      -0.031834203749895096,
      0.05074477568268776,
      0.02332736924290657,
      0.05960956588387489,
      -0.0006588288815692067,
      0.06194896623492241,
      0.0069167278707027435,
      0.04307575523853302,
      0.029303109273314476,
      0.003652149112895131,
      0.014857688918709755,
      0.010129767470061779,
      0.016103604808449745,
      0.025678321719169617,
      -0.015881313011050224,
      0.03803402557969093,
      -0.042764175683259964,
      0.050059013068675995,
      0.05122911557555199,
      0.06441795825958252,
      -0.061497826129198074,
      0.05906565114855766,
      0.03674650564789772,
      0.045551884919404984,
      -0.06833431124687195,
      0.03601158782839775,
      0.03442900627851486,
      0.06630665808916092,
      -0.021767839789390564,
      0.053773462772369385,
      -0.05349288508296013,
      0.07010696083307266,
      0.0478660874068737,
      0.05329255387187004,
      0.021355198696255684,
      0.010410678572952747,
      0.03860105946660042,
      0.022806761786341667,
      0.019257526844739914,
      0.04481835663318634,
      0.01647704280912876,
      0.05618826299905777,
      -0.0458090677857399,
      0.0782572478055954,
      0.07595915347337723,
      0.05094107612967491,
      0.058126140385866165,
      0.0779486671090126,
      0.04026075825095177,
      0.07827771455049515,
      0.0263212900608778,
      0.08821357786655426,
      0.014647774398326874,
      0.06905796378850937,
      0.0022191174793988466,
      0.00862574391067028,
      -0.032301973551511765,
      -0.016201896592974663,
      -0.05888083204627037,
      -0.03928355872631073,
      0.007922389544546604,
      0.026152625679969788,
      0.034340862184762955,
      0.0652892217040062,
      -0.02702665887773037,
      -0.05198105797171593,
      0.0700836256146431,
      0.07814884185791016,
      0.05063646286725998,
      -0.05997913330793381,
      -0.06629572808742523,
      -0.019612696021795273,
      -0.07950752228498459,
      0.0019676806405186653,
      0.09967993199825287,
      -0.037162069231271744,
      -0.11751838028430939,
      -0.05340257287025452,
      0.10710939764976501,
      -0.0026543131098151207,
      -0.03950414061546326,
      -0.021909747272729874,
      0.04494769871234894,
      0.022896183654665947,
      0.03482072055339813,
      0.015367564745247364,
      -0.03977770358324051,
      -0.0368070974946022,
      -0.004055158235132694,
      0.06820959597826004,
      -0.04565662145614624,
      0.05284499749541283,
      0.026060791686177254,
      0.03771110624074936,
      -0.03652718663215637,
      0.03550006449222565,
      -0.031834203749895096,
      0.05074477568268776,
      0.02332736924290657,
      0.05960956588387489,
      -0.0006588288815692067,
      0.06194896623492241,
      0.0069167278707027435,
      0.04307575523853302,
      0.029303109273314476,
      0.003652149112895131,
      0.014857688918709755,
      0.010129767470061779,
      0.016103604808449745,
      0.025678321719169617,
      -0.015881313011050224,
      0.03803402557969093,
      -0.042764175683259964,
      0.050059013068675995,
      0.05122911557555199,
      0.06441795825958252,
      -0.061497826129198074,
      0.05906565114855766,
      0.03674650564789772,
      0.045551884919404984,
      -0.06833431124687195,
      0.03601158782839775,
      0.03442900627851486,
      0.06630665808916092,
      -0.021767839789390564,
      0.053773462772369385,
      -0.05349288508296013,
      0.07010696083307266,
      0.0478660874068737,
      0.05329255387187004,
      0.021355198696255684,
      0.010410678572952747,
      0.03860105946660042,
      0.022806761786341667,
      0.019257526844739914,
      0.04481835663318634,
      0.01647704280912876,
      0.05618826299905777,
      -0.0458090677857399,
      0.0782572478055954
    ],